שם_מלא,Full_Name,מגדר,סיעה,Faction,LES,הצעות_חוק_שהוגשו,הצעות_חוק_שעברו
יבגני סובה,Evgeny Sova,Male,ישראל ביתנו,Yisrael Beiteinu,433,388,25
אחמד טיבי,Ahmad Tibi,Male,"חד""ש-תע""ל",Hadash-Taal,428,391,12
שרון ניר,Sharon Nir,Female,ישראל ביתנו,Yisrael Beiteinu,427,396,23
ינון אזולאי,Yinon Azulai,Male,"ש""ס",Shas,423,267,31
יצחק קרויזר,Yitzhak Kroizer,Male,עוצמה יהודית,Otzma Yehudit,419,291,27
יעקב אשר,Yaakov Asher,Male,יהדות התורה,United Torah Judaism,418,290,26
יוליה מלינובסקי,Yulia Malinovsky,Female,ישראל ביתנו,Yisrael Beiteinu,417,377,25
ואליד אלהואשלה,Walid Alhawashla,Male,"רע""ם",Raam,412,399,7
עודד פורר,Oded Forer,Male,ישראל ביתנו,Yisrael Beiteinu,409,355,25
משה גפני,Moshe Gafni,Male,יהדות התורה,United Torah Judaism,394,279,24
דן אילוז,Dan Illouz,Male,הליכוד,Likud,371,266,17
נעמה לזימי,Naama Lazimi,Female,העבודה,Labor,356,329,17
מירב בן ארי,Merav Ben-Ari,Female,יש עתיד,Yesh Atid,353,281,23
יונתן מישרקי,Yonatan Mishraki,Male,"ש""ס",Shas,342,219,25
חמד עמאר,Hamad Amar,Male,ישראל ביתנו,Yisrael Beiteinu,340,307,20
לימור סון הר מלך,Limor Son Har-Melech,Female,עוצמה יהודית,Otzma Yehudit,337,219,25
חוה אתי עטייה,Hava Etti Atia,Female,הליכוד,Likud,335,260,13
צביקה פוגל,Tzvika Fogel,Male,עוצמה יהודית,Otzma Yehudit,332,208,23
אימאן ח'טיב יאסין,Iman Khatib-Yasin,Female,"רע""ם",Raam,330,320,8
מיכאל מרדכי ביטון,Michael Biton,Male,המחנה הממלכתי,National Unity,328,275,19
ניסים ואטורי,Nissim Vaturi,Male,הליכוד,Likud,326,206,24
אופיר כץ,Ofir Katz,Male,הליכוד,Likud,317,158,34
אביגדור ליברמן,Avigdor Lieberman,Male,ישראל ביתנו,Yisrael Beiteinu,316,299,17
רון כץ,Ron Katz,Male,יש עתיד,Yesh Atid,297,274,17
אלי דלל,Eli Dalal,Male,הליכוד,Likud,295,181,24
יוסף טייב,Yosef Tayeb,Male,"ש""ס",Shas,294,190,22
חנוך דב מלביצקי,Hanoch Dov Malbitzky,Male,הליכוד,Likud,278,176,19
קטי קטרין שטרית,Keti Sheetrit,Female,הליכוד,Likud,274,199,17
מרב מיכאלי,Merav Michaeli,Female,העבודה,Labor,270,274,5
עאידה תומא סלימאן,Aida Touma-Sliman,Female,"חד""ש-תע""ל",Hadash-Taal,269,271,4
אוהד טל,Ohad Tal,Male,הציונות הדתית,Religious Zionism,264,174,15
משה פסל,Moshe Passal,Male,הליכוד,Likud,264,173,16
שמחה רוטמן,Simcha Rothman,Male,הציונות הדתית,Religious Zionism,252,139,21
אריאל קלנר,Ariel Kellner,Male,הליכוד,Likud,250,145,19
משה סולומון,Moshe Solomon,Male,הציונות הדתית,Religious Zionism,244,156,15
מנסור עבאס,Mansour Abbas,Male,"רע""ם",Raam,233,219,7
ווליד טאהא,Waleed Taha,Male,"רע""ם",Raam,225,220,5
מיכל מרים וולדיגר,Michal Waldiger,Female,הציונות הדתית,Religious Zionism,224,149,14
משה סעדה,Moshe Saada,Male,הליכוד,Likud,224,129,15
אליהו רביבו,Eliyahu Revivo,Male,הליכוד,Likud,223,155,12
פנינה תמנו,Pnina Tamano-Shata,Female,המחנה הממלכתי,National Unity,221,157,18
אלון שוסטר,Alon Schuster,Male,המחנה הממלכתי,National Unity,215,194,12
יסמין פרידמן,Yasmin Fridman,Female,יש עתיד,Yesh Atid,215,213,10
מישל בוסקילה,Michel Buskila,Male,הימין הממלכתי,New Hope,214,187,3
עופר כסיף,Ofer Cassif,Male,"חד""ש-תע""ל",Hadash-Taal,207,216,1
שלום דנינו,Shalom Danino,Male,הליכוד,Likud,205,132,14
איימן עודה,Ayman Odeh,Male,"חד""ש-תע""ל",Hadash-Taal,204,212,1
אושר שקלים,Osher Shekalim,Male,הליכוד,Likud,202,122,15
מטי צרפתי הרכבי,Matti Tsarfati-Harkavi,Female,יש עתיד,Yesh Atid,197,201,8
גלעד קריב,Gilad Kariv,Male,העבודה,Labor,192,199,9
נאור שירי,Naor Shiri,Male,יש עתיד,Yesh Atid,188,181,9
טלי גוטליב,Tali Gottlieb,Female,הליכוד,Likud,188,112,14
אביחי אברהם בוארון,Avichai Buaron,Male,הליכוד,Likud,184,145,7
סימון דוידסון,Simon Davidson,Male,יש עתיד,Yesh Atid,175,169,10
ששון ששי גואטה,Sasson Guetta,Male,הליכוד,Likud,175,105,14
בועז ביסמוט,Boaz Bismuth,Male,הליכוד,Likud,174,100,16
עמית הלוי,Amit Halevi,Male,הליכוד,Likud,164,100,12
יוראי להב הרצנו,Yorai Lahav Hertzano,Male,יש עתיד,Yesh Atid,164,174,6
צגה מלקו,Tsega Melaku,Female,הליכוד,Likud,163,99,12
טטיאנה מזרסקי,Tatiana Mazarsky,Female,יש עתיד,Yesh Atid,162,165,7
ולדימיר בליאק,Vladimir Beliak,Male,יש עתיד,Yesh Atid,159,165,7
מירב כהן,Merav Cohen,Female,יש עתיד,Yesh Atid,158,150,11
משה טור פז,Moshe Tur-Paz,Male,יש עתיד,Yesh Atid,157,171,6
דבי ביטון,Debbie Biton,Female,יש עתיד,Yesh Atid,151,157,8
יאסר חוג'יראת,Yasser Hujirat,Male,"רע""ם",Raam,149,152,1
מאיר כהן,Meir Cohen,Male,יש עתיד,Yesh Atid,146,139,9
שלי טל מירון,Shelly Tal-Miron,Female,יש עתיד,Yesh Atid,143,141,7
דוד ביטן,David Bitan,Male,הליכוד,Likud,142,82,14
אפרת רייטן מרום,Efrat Rayten-Marom,Female,העבודה,Labor,133,130,9
רם בן ברק,Ram Ben-Barak,Male,יש עתיד,Yesh Atid,122,125,7
מיכל שיר סגמן,Michal Shir Segman,Female,יש עתיד,Yesh Atid,121,134,4
אברהם בצלאל,Avraham Bezalel,Male,"ש""ס",Shas,109,85,21
קארין אלהרר,Karine Elharrar,Female,יש עתיד,Yesh Atid,105,96,6
יואב סגלוביץ',Yoav Segalovitz,Male,יש עתיד,Yesh Atid,97,118,5
ארז מלול,Erez Malul,Male,"ש""ס",Shas,96,88,18
אורית פרקש הכהן,Orit Farkash-Hacohen,Female,המחנה הממלכתי,National Unity,95,80,3
יצחק פינדרוס,Yitzhak Pindrus,Male,יהדות התורה,United Torah Judaism,94,46,16
אלעזר שטרן,Elazar Stern,Male,יש עתיד,Yesh Atid,88,85,6
מיקי לוי,Mickey Levy,Male,יש עתיד,Yesh Atid,80,82,7
איתן גינזבורג,Eitan Ginzburg,Male,המחנה הממלכתי,National Unity,76,71,1
גלית דיסטל אטבריאן,Galit Distel-Atbaryan,Female,הליכוד,Likud,75,55,7
ירון לוי,Yaron Levi,Male,יש עתיד,Yesh Atid,68,67,4
יולי יואל אדלשטיין,Yuli Yoel Edelstein,Male,הליכוד,Likud,65,27,8
יאיר לפיד,Yair Lapid,Male,יש עתיד,Yesh Atid,63,82,2
ישראל אייכלר,Israel Eichler,Male,יהדות התורה,United Torah Judaism,62,34,11
צבי ידידיה סוכות,Tzvi Yedidia Sukkot,Male,הציונות הדתית,Religious Zionism,62,65,7
אליהו ברוכי,Eliyahu Baruchi,Male,יהדות התורה,United Torah Judaism,59,30,11
משה רוט,Moshe Roth,Male,יהדות התורה,United Torah Judaism,49,32,9
מאיר פרוש,Meir Porush,Male,יהדות התורה,United Torah Judaism,47,45,0
שרן מרים השכל,Sharren Haskel,Female,הימין הממלכתי,New Hope,45,22,9
זאב אלקין,Zeev Elkin,Male,הימין הממלכתי,New Hope,45,16,9
חילי טרופר,Hili Tropper,Male,המחנה הממלכתי,National Unity,45,37,4
סימון מושיאשוילי,Simon Moshiashvili,Male,"ש""ס",Shas,44,13,8
אלמוג כהן,Almog Cohen,Male,עוצמה יהודית,Otzma Yehudit,40,43,8
מתן כהנא,Matan Kahana,Male,המחנה הממלכתי,National Unity,35,24,7
בועז טופורובסקי,Boaz Toporovsky,Male,יש עתיד,Yesh Atid,33,52,6
עפיף עבד,Afif Abed,Male,הליכוד,Likud,31,23,2
עידן רול,Idan Roll,Male,עצמאי,Independent,30,89,6
דני דנון,Danny Danon,Male,הליכוד,Likud,29,14,5
אבי מעוז,Avi Maoz,Male,נעם,Noam,28,25,1
יוסף עטאונה,Yousef Atauna,Male,"חד""ש-תע""ל",Hadash-Taal,25,83,5
יעל רון בן משה,Yael Ron Ben-Moshe,Female,המחנה הממלכתי,National Unity,20,23,0
אוריאל בוסו,Uriel Busso,Male,"ש""ס",Shas,20,28,2
משה אבוטבול,Moshe Abutbul,Male,"ש""ס",Shas,15,17,1
עדי עזוז,Adi Azuz,Female,יש עתיד,Yesh Atid,13,16,0
בנימין גנץ,Benny Gantz,Male,המחנה הממלכתי,National Unity,13,20,0
סמיר בן סעיד,Samir Ben-Said,Male,"חד""ש-תע""ל",Hadash-Taal,12,13,0
אריה מכלוף דרעי,Aryeh Deri,Male,"ש""ס",Shas,11,5,1
יעקב מרגי,Yaakov Margi,Male,"ש""ס",Shas,11,9,0
אורנה ברביבאי,Orna Barbivai,Female,יש עתיד,Yesh Atid,10,10,2
אכרם חסון,Akram Hasson,Male,הימין הממלכתי,New Hope,9,9,0
אורי מקלב,Uri Maklev,Male,יהדות התורה,United Torah Judaism,9,6,0
אמיר אוחנה,Amir Ohana,Male,הליכוד,Likud,6,2,1
יעקב טסלר,Yaakov Tessler,Male,יהדות התורה,United Torah Judaism,6,6,0
מיכאל מלכיאלי,Michael Malchieli,Male,"ש""ס",Shas,6,6,0
משה ארבל,Moshe Arbel,Male,"ש""ס",Shas,5,3,1
גדי איזנקוט,Gadi Eisenkot,Male,המחנה הממלכתי,National Unity,5,5,1
יואב קיש,Yoav Kisch,Male,הליכוד,Likud,5,1,1
איתמר בן גביר,Itamar Ben-Gvir,Male,עוצמה יהודית,Otzma Yehudit,5,2,1
דוד אמסלם,David Amsalem,Male,הליכוד,Likud,4,18,0
יואב בן צור,Yoav Ben-Tzur,Male,"ש""ס",Shas,2,6,0
עוז חיים,Oz Haim,Male,יש עתיד,Yesh Atid,1,1,0
חיים ביטון,Haim Biton,Male,"ש""ס",Shas,1,1,0
יצחק גולדקנופ,Yitzhak Goldknopf,Male,יהדות התורה,United Torah Judaism,1,1,0
עידית סילמן,Idit Silman,Female,הליכוד,Likud,0,0,0
חיים כץ,Haim Katz,Male,הליכוד,Likud,0,0,0
בנימין נתניהו,Benjamin Netanyahu,Male,הליכוד,Likud,0,0,0
גילה גמליאל,Gila Gamliel,Female,הליכוד,Likud,0,0,0
גדעון סער,Gideon Saar,Male,הימין הממלכתי,New Hope,0,16,0
אבי דיכטר,Avi Dichter,Male,הליכוד,Likud,0,0,0
אופיר אקוניס,Ofir Akunis,Male,הליכוד,Likud,0,0,0
יריב לוין,Yariv Levin,Male,הליכוד,Likud,0,0,0
מירי מרים רגב,Miri Regev,Female,הליכוד,Likud,0,0,0
יואל רזבוזוב,Yoel Razvozov,Male,יש עתיד,Yesh Atid,0,1,0
אורית מלכה סטרוק,Orit Strock,Female,הציונות הדתית,Religious Zionism,0,0,0
עמיחי אליהו,Amichai Eliyahu,Male,עוצמה יהודית,Otzma Yehudit,0,0,0
אופיר סופר,Ofir Sofer,Male,הציונות הדתית,Religious Zionism,0,0,0
יצחק שמעון וסרלאוף,Yitzhak Shimon Wasserlauf,Male,עוצמה יהודית,Otzma Yehudit,0,2,0
מאי גולן,May Golan,Female,הליכוד,Likud,0,10,0
עמיחי שיקלי,Amichai Shikli,Male,הליכוד,Likud,0,0,0
ניר ברקת,Nir Barkat,Male,הליכוד,Likud,0,0,0
ישראל כץ,Israel Katz,Male,הליכוד,Likud,0,0,0
יפעת שאשא ביטון,Yifat Shasha-Biton,Female,הימין הממלכתי,New Hope,0,1,0
יואב גלנט,Yoav Gallant,Male,הליכוד,Likud,0,0,0
מכלוף מיקי זוהר,Miki Zohar,Male,הליכוד,Likud,0,22,0
בצלאל סמוטריץ',Bezalel Smotrich,Male,הציונות הדתית,Religious Zionism,0,0,0
אלי כהן,Eli Cohen,Male,הליכוד,Likud,0,0,0
שלמה קרעי,Shlomo Karhi,Male,הליכוד,Likud,0,4,0
